experiment_id,qubit_count,fidelity,coherence_time_us,gate_error_rate,temperature_k,measurement_method
1,7,,5.573048725830221,0.02770609255931972,0.017129218293149145,direct
1,10,0.937091994867843,53.46919715654812,0.029565230501861373,0.01709102877943986,tomography
1,5,0.9077211078084055,86.32757253150997,0.014688924974442772,0.006119941229757988,tomography
1,10,0.8768660829134958,23.93567309835921,0.03514254756017835,0.02031970493780428,randomized
1,10,0.7551430653465625,74.71889591691858,0.03572057441714144,0.016262844229983118,tomography
1,3,0.9065762028563195,166.87825810260492,0.02937808983000689,0.02192266023796953,direct
1,5,1.075842939577004,11.393137155670654,0.04124353359870503,0.01722099163645336,tomography
1,5,1.0114504055385973,37.04650388510679,0.026659227690200595,0.02050661478867881,randomized
1,5,1.0411823951967276,16.923368344452694,,0.017332726557250634,randomized
1,10,0.7886541188282578,78.7166721608737,0.019803356613078842,0.021731128781013742,direct
1,7,1.427011473033441,,0.28301772429995875,0.017611253180088892,direct
1,5,0.8349055695880422,,0.02825645742097164,0.014510423767785479,randomized
1,10,0.8566869894746433,79.95313597255331,0.03225307922040941,0.026362173602234407,randomized
1,3,0.9813029822165138,25.20660979608902,0.026304730711666415,0.01944518561139946,randomized
1,7,0.6469042444342217,123.30821063064828,,0.017868722105022064,direct
1,3,1.0335460383352737,38.074391872769056,0.03826047171441506,0.008618477917308319,randomized
1,7,0.8310390521705212,8.59608057946592,0.025632357627617824,0.008558461912682312,randomized
1,10,0.7987742716063095,59.5197892248194,0.013934228992613205,0.016463577410709265,direct
1,2,0.7285474749687798,,0.047495839042054205,0.015727605988841202,tomography
1,7,0.6514171993761076,,0.04381454078690487,0.011929387174958419,tomography
1,3,0.9487804700754298,97.30824902566812,0.01707737304894381,0.0157049134980603,randomized
1,10,0.8587981560626085,118.29928230155832,,0.022943134640217976,tomography
1,7,0.6952046920310735,16.21069797852322,0.02497025229448657,0.018477012372751494,tomography
1,2,1.2407658450382781,205.28485611408692,0.2815820851025295,0.009294957451236308,tomography
1,2,0.8097058360851845,7.582529519025276,0.032942241290134934,0.01444245586428528,tomography
1,5,1.050282583034727,,0.02765592199683678,0.010975167595737195,randomized
1,5,0.8188490378363674,10.180825013378586,,0.013061500417957193,tomography
1,3,,112.21095570920663,0.023094589476837405,0.012931921671851785,tomography
1,7,0.8205108323096867,53.108119426735165,0.020838080845187575,0.012611772086979974,direct
1,7,0.8172731716302796,8.249881312515189,0.02168177791769555,0.008724323140133026,randomized
1,5,0.5263736028470114,29.019809744493596,0.029328217099506445,0.014361726592409049,direct
1,7,0.8434846160178625,47.76431677739809,0.02284240010889248,0.01219696181576345,direct
1,7,0.8222878563749586,4.357701266682867,0.036820520657126196,0.0003527565499886589,randomized
1,2,,107.03027201711366,0.04487246155335927,0.025264860122508316,tomography
1,5,1.0718747313934414,81.3809942226804,0.02419946758629957,0.02044384827108336,direct
1,10,0.9851878035457309,35.180766404091806,0.03239404500535377,0.01311849637537502,randomized
1,5,0.8177333571334203,170.75459615250438,0.03499685110302934,0.015094095248702992,tomography
1,10,0.7172168909509996,,,0.00914172826341219,randomized
1,2,1.1588031763899833,207.1042688225587,0.030759552679160872,0.023478614389054325,direct
1,3,0.8571062120817385,55.11896858173445,0.03742682418359722,0.024486443473865558,tomography
1,7,0.8516715150295535,50.34788547467605,0.03482248952680657,0.01578346864123262,tomography
1,2,0.8471049895467996,9.073389785331738,0.01762337577672702,0.020117653220926724,randomized
1,7,0.8737701712921426,106.82293120440278,0.03869156064389273,0.01587643389466962,tomography
1,3,0.8326767505691268,27.88622656751126,0.03887290837266742,0.008316372805620345,direct
1,3,,8.85078722413422,,0.012940883155181713,direct
1,2,0.7843769270511529,0.6343834561467812,0.03037937835447602,0.015659639833859786,direct
1,3,,41.02127208569378,0.03683328992811069,0.012727261406282778,randomized
1,10,0.7847890274639482,37.475255732925156,0.027906861804206384,0.01390673361282482,tomography
1,3,0.7644585060787402,63.532992237354705,0.04072978047766012,0.014543002212454423,tomography
1,7,0.8627716273230276,,0.05363872494619361,0.01459560751067269,tomography
1,7,0.8194027339094974,4.136840009027474,0.022140139673650177,0.015261292452487415,direct
1,7,,65.74456468802963,0.01618955396846225,0.009696974668016995,tomography
1,7,0.5318836229928385,10.376549707763457,0.03303818595604876,0.011414919254360318,direct
1,10,0.9809808222306954,97.65879262842792,0.037215625051261435,0.008577078671500152,tomography
1,5,0.9995302230997155,85.48046073055022,0.027691336261552308,0.019889077748431003,direct
1,2,0.6011931721110221,38.91279171495503,0.04453260663321035,0.004471765290798377,tomography
1,7,0.8088774887103581,61.93559716560313,0.01661394200276751,0.020767951716584628,randomized
1,3,0.805427096080505,18.869407530569823,0.03692918623031611,0.02193174698631422,randomized
1,7,0.6810985966338614,,0.023941391792411067,0.013489097065086893,direct
1,3,0.7566619974890949,86.19669529794814,0.04719377906207296,0.0019843145608635063,direct
1,3,0.7167308985441005,30.741315921204126,0.049925153531681185,0.013193447190163547,tomography
1,7,1.0602724532108347,22.142639809327815,,0.014679079193555903,tomography
1,10,0.9622814071776953,34.08192770424321,0.0245044286409142,0.009947008900355431,randomized
1,3,,88.08554976337119,,0.012423908030958785,tomography
1,3,0.9366006476851881,20.414057023216685,0.026128693502104852,0.022650975994316758,direct
1,7,0.7145137874539325,9.54359594706478,0.029545887820677616,0.018324635811508703,direct
1,3,0.7870575680464271,62.24217408676418,0.0302538842054241,0.010377179428109501,direct
1,3,,87.4287386642449,0.010803268438023435,0.00701200415202284,direct
1,7,0.7033446629329665,5.303453804904421,0.029861622539057626,0.013364913411951146,direct
1,7,0.9355598116206866,13.713560915406763,0.02310272225935826,0.013932716103247809,randomized
1,2,0.8211609522210238,7.655926703041757,0.02506877177600228,0.017480995936816582,randomized
1,10,0.8050215030940483,21.381043077802808,0.04443632003468814,0.012323416437161705,direct
1,10,0.9353151961844189,29.923767396010607,0.017434931057207434,0.017557497876809307,tomography
1,3,0.9033115973783248,,0.03813205186747977,0.024675770200301143,direct
1,10,0.8066840601017103,52.655316276775075,0.027210370696681915,0.019077505112221314,randomized
1,3,0.9891195764037097,48.501530767446546,0.027202398315041655,0.014759557463346137,direct
1,2,0.7202724006880123,21.72216857034855,0.03790371896051711,0.014084247644733526,randomized
1,7,0.9239122728333117,,0.0334005129456889,0.013216634329100644,randomized
1,7,0.921172150956206,,0.03570612997219531,0.020903204562260722,direct
1,7,,193.41212082974454,0.03968184660532861,0.011863432770243485,direct
1,10,0.8891359626690541,50.27551885048863,0.02668691616816677,0.015226113544999913,tomography
1,2,0.6998663708337636,6.748892859051263,0.023877632654922498,0.015255989509405427,randomized
1,10,0.9608832423048281,56.37799722553777,0.01914849473442202,0.01249107903594234,tomography
1,10,0.8278117436268413,19.659834845980512,0.021745894700210447,0.008137672260579494,direct
1,2,1.3696369098222325,57.97024320124432,0.2558231750279661,0.016614872518088342,randomized
1,2,0.9758811071004266,3.609245253477216,0.04244679580736787,0.01469498014072308,tomography
1,2,0.7654787571348689,9.611409522956075,0.016489256337919787,0.01750120234718285,tomography
1,2,0.6809846444363729,96.80595255090651,,0.012331998467804165,tomography
1,7,0.6632044991771315,12.885427165339244,,0.021104106494065238,direct
1,5,0.9227211941614767,90.7128706056416,0.035472647973779664,0.010616131093940776,direct
1,5,0.6963484777004461,16.374956968937365,,0.023560201420089463,direct
1,2,1.0605753018381237,51.484438387511744,0.02745044206446302,0.006261817450858692,randomized
1,5,0.6001684710539533,59.23311842148193,0.028745457399970996,0.017173850322784456,direct
1,5,1.0535747641948046,35.939124064427475,,0.017377153412633118,randomized
1,2,0.8753220960643142,18.214527509449105,0.030858930062933304,0.011022214660295588,tomography
1,5,0.8383944265755529,11.95376300823429,0.007806996272524647,0.01712196968930506,tomography
1,10,,,0.02770200369424806,0.021397593348800793,direct
1,3,0.8978963337222484,18.116430595060464,0.021485935657396864,0.003915905803229677,tomography
1,3,0.8454838357090182,52.944987304611004,0.03175211418908512,0.017513724037454072,direct
1,2,0.9823962258419826,,0.0598525900260341,0.0025336458983496114,randomized
1,7,0.8637073178394448,102.47646330481996,0.03367481665474304,0.010171675982383959,tomography
1,2,0.8680362113754253,72.6355512373689,0.02686470313827602,0.023145831824504724,direct
1,7,0.8063665345343373,77.66406717068507,0.03921801501977252,0.012091089833039729,tomography
1,3,0.8431665251534719,54.67898419608366,0.034826878872092126,0.009130600177955136,tomography
1,2,0.8869362122670471,15.074640664863509,0.03420094490451841,0.01401031135507659,direct
1,10,0.6447797928812049,118.86275460975453,0.03606850593215671,0.02533953169081776,tomography
1,5,0.6882177493473144,55.54421087100344,0.050565435648295416,0.005841588763969868,tomography
1,7,0.9391916912827257,41.09912439431902,,0.009743450441803277,tomography
1,5,0.870503852575353,5.882309894213233,0.034736320768114545,0.022487158415898132,tomography
1,5,0.8279219996376784,29.624886169196856,0.020736188700184614,0.02428851171768866,randomized
1,2,0.8522120719678472,30.842491240149776,0.03555512646342248,0.01448284387854858,tomography
1,5,0.8917098046434005,99.96265959284821,0.020813134885139056,0.008804736487366786,tomography
1,10,0.7852288383628766,39.554344949288215,0.025826331863949156,0.025479217509045794,direct
1,5,,23.934102822378925,0.027049100857620936,0.022972211958745985,randomized
1,2,0.8735014306117218,188.18085801761694,,0.018394734938811164,direct
1,10,0.7325952666861961,5.867189981337925,0.03918454443942414,0.010937988255312898,direct
1,3,0.8989903306857366,27.45653493256675,0.017542826235536154,0.014754853295809816,direct
1,5,0.6456899674914591,2.1466629153440704,0.030549341109998487,0.014198199594775848,randomized
1,2,0.9734986764790772,67.33524748315729,0.022904201452508273,0.01665425652307789,direct
1,3,0.9067116978895652,125.09850155819389,0.017414950893246652,0.022255007190656678,direct
1,3,0.8807235681176651,16.42779574570097,0.027829829495756294,0.019397085205687014,direct
1,7,0.9679229180734616,97.71686477564148,0.026915172115441803,0.009613119615076209,tomography
1,10,1.0498569333355092,17.280973395914966,0.054267164863455224,0.021882482250097687,direct
1,5,,120.82698923069854,0.03432959825360696,0.016565660700065776,randomized
1,2,0.6290950922402025,70.11344458060847,0.016223824992457624,0.01843532897929458,randomized
1,7,0.6964507639917158,81.71388835882193,0.024352259958290576,0.022332704296393013,tomography
1,10,0.7750217706765186,0.9085323207082231,0.04021383295429398,0.009442098752432243,randomized
1,7,0.8531309260253,164.58624862181986,,0.014820872106467684,randomized
1,10,0.9121190824562947,64.85395260823415,0.014140166877620415,0.012342727243203924,tomography
1,10,0.7629107424215841,18.17426806988615,0.011200756148609547,0.00716070287317272,direct
1,5,0.8724120117372494,88.42011858024539,0.048709651753717824,0.0167335498880246,tomography
1,10,0.7593540481176013,16.530953880365956,0.03389614177370904,0.027557782757922117,direct
1,7,0.7766178636409662,,0.021317072681236334,0.005799611277471235,direct
1,10,0.6812006683782134,5.971867124054711,0.03534629086122435,0.014838596944752648,randomized
1,5,0.7392120104666915,60.81677500220933,0.0036425226098312207,0.018202714675373866,tomography
1,5,0.68779784732604,,0.03003375506597161,0.015615391008280905,randomized
1,7,0.73289520964272,5.075866076325476,0.03327821172843085,0.014434359737421297,randomized
1,3,0.9764370155929407,13.846591744415068,0.0392427013953783,0.008503918182770877,direct
1,3,0.7360721333401669,0.624080423751401,0.019861040477074623,0.016163933714700818,randomized
1,10,1.1658858477804868,31.6278188330141,,0.011216180114920368,tomography
1,2,0.9091981481057066,17.92420474185972,0.020745753739404127,0.004050391475107233,randomized
1,10,0.8721803348433849,45.6096425207786,0.03255383755674317,0.020972961102568653,randomized
1,7,0.7469970663782544,,0.021046536776369758,0.019791929099210213,direct
1,7,0.9340371855290789,17.827969781233705,0.025918991608397793,0.015258304884255398,tomography
1,7,0.7809234608514671,67.97156114135132,0.020041846052097707,0.016145373441028513,randomized
1,7,0.8646411777574433,2.467014661997768,0.03651136241823657,0.020371590063577808,direct
1,7,1.1572101445922554,116.59811810955894,0.03858451116656665,0.01612169828389041,randomized
1,5,0.838472812033042,95.61637658070381,0.02765379430042586,0.019520087773806573,tomography
1,3,0.9879127991542811,55.1016089756706,0.03038237994960028,0.013512588995630749,randomized
1,7,0.7656188289848935,44.97433200381701,0.015514085853664558,0.02155991869286973,randomized
1,2,0.8458013811403646,111.4214445221528,0.027003233519932127,0.01660392862966342,direct
1,2,,10.248618804199438,0.029497953829582552,0.01597025971802937,randomized
1,2,0.7747639530654679,4.113088016205121,,0.00864969455643984,direct
1,2,1.0674938269596315,,,0.01643477927150854,tomography
1,5,0.934930232254657,,0.04464177238752438,0.010840225412527743,randomized
1,2,0.7825039868926879,1.7642771747663253,0.03996858773465808,0.01180858636735753,tomography
1,7,0.9258889286866625,43.710296960978354,0.032806364044901365,0.010923121858419392,tomography
1,10,1.2702084525920623,269.49440544300415,0.26342526534515376,0.009668825340503872,randomized
1,2,0.9246171954660636,96.79168719178844,0.03372105472606863,0.02562385701508481,direct
1,5,0.6615730336131452,36.84927860044089,0.03389159195667928,0.021656695309942017,tomography
1,5,0.7627435389010158,3.2878116076265758,0.029468793469824544,0.024601837510721307,tomography
1,2,0.8202977637338195,89.00345771633697,0.042235688824186275,0.00888552490222218,randomized
1,10,0.8410679885079945,45.687012877185275,0.04096469233810884,0.015356268749554461,randomized
1,2,0.9244806517060813,6.104596365140864,0.023743227125037875,0.00853246187397952,randomized
1,5,0.8713241201119905,4.927923153723075,0.016807528054012325,0.011521525614014679,randomized
1,3,0.6897586769547879,120.19038653921695,0.02797019362604343,0.010409365082917125,randomized
1,7,0.8956237421207156,55.312105534402555,0.021999614356023534,0.021197920032207808,randomized
1,5,0.9232702894340588,88.38851597612025,0.029364754253846447,0.0130188516094912,direct
1,2,0.9171748537517248,105.58951853774707,0.04237438134684139,0.020341896668470083,tomography
1,7,0.9796936870665546,42.40501685324601,0.0254269834491321,0.01802060444794259,direct
1,2,0.9500706585458685,36.433158815578935,0.02957176618688425,0.026518193760523945,direct
1,2,0.9051016095074124,28.143452104728716,0.030580227348083952,0.00760277888430138,randomized
1,3,0.8415801146249623,,,0.021296166198933993,tomography
1,7,0.6506846879780811,28.510734494156694,0.007531106660153946,0.02073220435200364,direct
1,7,0.9015541862959103,74.33439623333629,,0.010133105809864826,randomized
1,3,0.8749225224595734,46.055545390855514,0.03211283692279473,0.020035666682365796,randomized
1,5,0.8825894604634448,111.5240552814668,,0.016680724815131144,tomography
1,2,0.6967901709015628,29.2936261960972,0.025080975524937946,0.01386261870023296,direct
1,10,,46.70868143826444,0.011234472939581257,0.01088032256514,direct
1,2,0.9763783423999484,49.88962298454632,0.03619711445966136,0.011404452742754069,direct
1,2,0.8452533815372014,44.78730653297565,0.023646376111743705,0.02524906047892963,randomized
1,5,0.9317800836847149,60.63954062764889,0.018103333409096384,0.015003414094787412,tomography
1,2,0.8533982051356551,,0.02375654610286776,0.018910650007657296,tomography
1,3,0.8535707367394891,,0.028154746423441502,0.011045503091662233,direct
1,3,0.9625940567171197,5.503289673916542,,0.011100735268891805,randomized
1,7,0.7880746326139151,24.266936874952982,0.007944339429009307,0.020409924046249712,direct
1,10,0.861534493232918,33.43903043343766,,0.008252118942242339,tomography
1,2,0.7945269653553948,52.80987154596441,0.04274875041278722,0.012923931160473641,randomized
1,2,0.7978604527081221,150.32050656159714,0.036515219913395056,0.01517013705536116,direct
1,5,0.8128993451837633,45.89598621665501,0.01862314329575183,0.015556863009200261,direct
1,3,0.8766560525960455,68.0496413178296,0.02798508466052482,0.014104533574919217,randomized
1,10,0.7925501654003827,35.28792444278386,0.029934786847705418,0.016979098905479616,tomography
1,7,1.0006907350688226,50.27031123587008,0.0359879438956191,0.018464278779089058,randomized
1,3,0.7426471237336595,3.678678924806502,0.03668340488718081,0.01867318772729665,direct
1,7,0.8275754027006369,14.677736194256955,0.02265826201221504,0.010070980956660865,direct
1,5,,22.459338035474524,0.030819955564135602,0.013579224510356014,direct
1,5,,31.979690828360436,0.03457280404615241,0.02097381430938469,direct
1,2,,2.3361742001170605,0.044558223221467665,0.01947323593786936,tomography
1,10,0.9738213447362362,7.54254552689986,0.03704506539824723,0.00813570274259468,tomography
1,7,0.6717327552355633,,0.03789056687375519,0.016757399501761007,direct
2,3,,177.94994496157955,0.03083826627929361,0.005108873753125948,tomography
2,5,0.9567556954748124,20.1245024322056,0.04410459145203504,0.015234674510301848,tomography
2,2,0.8598740787130509,32.89296513143755,0.03409762795959497,0.024488835083729885,tomography
2,2,0.9778576450078421,10.91387752228215,0.021389120898264294,0.010260536413655067,direct
2,7,0.7879253859879554,47.1805362569958,0.044033699701251906,0.01082838477254209,randomized
2,5,1.0191216928222695,16.472671395570604,0.03697903272539028,0.018820148907864296,randomized
2,10,1.12586777483431,11.59613492746251,0.025569559788715175,0.007285992423951769,randomized
2,5,0.8064593727472409,,0.025205070326007564,0.011836224850574804,direct
2,7,0.7965396974319073,0.2760505968654886,0.03296575545140761,0.017982205687908762,tomography
2,7,1.024406137254124,0.38467761352001506,0.03463184795267584,0.011828570761552984,tomography
2,5,1.0395486574876855,12.36341184337153,0.03197292265631207,0.01382015006394514,direct
2,7,0.7872567967416078,1.8706282919097914,0.03311308673442885,0.018720928551575172,direct
2,5,0.799577581948497,5.715900958138311,0.04699957374576381,0.017107730417682807,randomized
2,3,0.8161858469367391,20.689532170251542,0.040715431522348855,0.01633409198147701,randomized
2,5,0.6886659386758868,81.1225304712823,,0.013304388603649804,direct
2,5,0.7397617664218962,42.43728712956564,,0.016850305576344777,randomized
2,7,0.7295031079897518,35.94045504940313,,0.014381336599501216,tomography
2,7,0.7578642921875046,,,0.017289028049628924,direct
2,2,0.8458378135135862,134.2316171793108,0.0480930634973311,0.012515339874410109,direct
2,2,0.8781057679043824,25.293151328733416,0.02781954104607626,0.014087155128102293,tomography
2,3,1.0360600591376892,4.556050505828779,0.02152366071380915,0.01005021103723993,tomography
2,2,0.7301975151113451,47.9946988104977,0.023479111114069393,0.01482496194996882,tomography
2,5,0.96811868781719,6.042797243533146,0.019103669626576114,0.010944995681855776,randomized
2,7,0.8243213386929389,,0.022152380918722965,0.009429767749190033,direct
2,2,0.844064354841708,,0.026294919014099707,0.01629330573927694,randomized
2,2,0.9309783390599924,,0.01594432980821358,0.0160636988792883,tomography
2,3,0.7152733574125242,34.01614623279765,0.030156183339496028,0.018914368674742863,randomized
2,3,0.8958891695420861,,0.039022771737866474,0.012844372152124504,tomography
2,5,0.8699742649855667,246.80078709890552,0.020922438198530794,0.01704026423418378,randomized
2,7,0.9090941516809778,7.048758295799078,,0.017753987861368316,randomized
2,3,0.8847002372689381,16.060669152345085,0.035107920885275944,0.017223869039157975,tomography
2,2,1.1446360167893073,25.091318241823746,0.04030580585624057,0.01087173158598929,randomized
2,7,0.7734712018898421,27.3942092760732,,0.015746817411355946,direct
2,7,0.7862803653997819,26.46824387031414,0.03854525227066616,0.016820701480273308,randomized
2,2,0.7752231368290282,119.08736913559572,,0.015035892334539709,randomized
2,3,,62.59388080847127,0.038902475008365085,0.004567611708144576,direct
2,2,0.7735135447232179,46.81258338158763,0.031718393397935314,0.0158024481198674,tomography
2,7,0.9926819837329062,18.507749491469944,0.03553251219984784,0.026062655196986213,direct
2,10,1.0204605097587827,86.80404969388556,0.018244053943751483,0.013199803656215085,randomized
2,10,0.7815104447500628,155.1219196899078,0.02104930157723395,0.011359614510723393,tomography
2,5,0.7501173312274926,86.07389054325331,0.03597228218253384,0.016866742798556992,randomized
2,2,0.9065698667663684,0.07831656240208741,0.02051651995775799,0.01656189105233286,randomized
2,2,0.7837332346862834,50.58523425335606,0.03463206292099123,0.020963675827082074,direct
2,5,0.9259518181306613,2.624457374752228,,0.008710659220455559,direct
2,5,0.8743507625021559,14.893841161123783,0.03848174212666668,0.01865690126287496,tomography
2,5,0.6681107062003322,3.0684946790983156,0.017674766852314908,0.01795211030625732,tomography
2,7,1.0357006241596074,46.2912334064396,0.03552299937679523,0.014289267315297269,tomography
2,2,1.0655053207714626,58.012138272238026,0.03625630933646001,0.016693436589608448,randomized
2,7,,6.07944307284065,0.02303228181570425,0.020147287407991786,direct
2,5,0.8034758128076819,24.212339807468023,0.03582026567084727,0.01936157690014225,direct
2,2,0.8843038468869886,30.462044288539463,0.03260442263333556,0.009284903439631356,direct
2,7,0.890134814798443,23.026672405936967,0.024611581438072617,0.019100790933777423,tomography
2,7,0.9290253127207396,6.4499411832058655,0.019914453159237917,0.01467655697483741,direct
2,5,1.091224544651962,27.145733209194038,0.010373743083274208,0.015364370490077573,direct
2,2,0.8287663327007141,69.5508844864037,0.03349650047299694,0.01536598495500847,direct
2,5,0.7542043306553855,3.6827395253618054,0.014351972286379447,0.014248785056008703,tomography
2,2,0.6844816926382568,4.1788647782379895,0.03095344199441308,0.020958537485535323,direct
2,10,,21.907521936821517,0.027365517839177508,0.014581410200753939,tomography
2,3,,142.12971527639203,,0.009402269358084156,direct
2,3,1.0653469436221346,55.217331942045874,0.026979545005101357,0.013032350720151355,direct
2,3,0.7878866441156595,56.76432558498414,0.026705522136529086,0.015893473584052378,direct
2,5,0.8768545541966678,22.46457986449028,0.037318707042882954,0.02114607392148525,tomography
2,10,0.8480292524712697,45.02834892867231,0.033350580290841175,0.018015473424744168,tomography
2,2,0.9926071928137701,0.5091426876271543,0.03316155957182778,0.01074732360626478,direct
2,7,1.1532318911048345,50.543265496302126,0.03469267589808526,0.027425949583394456,randomized
2,2,0.7862957472495615,122.25754297699063,0.014644278767928941,0.0163238765548899,tomography
2,7,0.7912672668978133,47.41145219464216,0.03756788679986982,0.021376953689995072,tomography
2,2,0.9752993052482886,103.45420566187717,0.03612468794013602,0.014241427832113854,direct
2,10,0.9318269787551573,64.36283964535804,0.019833168714235027,0.017666796223527247,randomized
2,7,1.071604879088324,6.423406851299853,0.027559195263257986,0.019197342522592024,direct
2,5,0.9200713822391157,116.3712057990887,0.029606927123723686,0.021090973558771278,tomography
2,2,0.8068849491055529,3.437708089506855,0.02865503215598267,0.020286841526891124,tomography
2,2,,38.174992294642344,0.033338599665685344,0.01936098500036489,direct
2,7,0.9830444296699489,7.66555051037578,0.044313667818311836,0.013424566344029457,direct
2,5,0.9484578617436837,0.5887836307241012,0.04081766727672829,0.012141269790219691,randomized
2,5,0.9108728837328757,27.41203428218688,,0.016663037551620987,randomized
2,10,0.9780009627506985,17.480760959518882,0.03622069990306048,0.019665640361705348,tomography
2,5,0.9903154708534807,33.27664871115796,0.04328933319535409,0.013886396496116964,randomized
2,5,1.0158590789245032,43.04278785462037,0.033868085206892024,0.02032585982857193,randomized
2,5,0.9278451865107571,2.236223312795628,0.040909804251859666,0.022263083727430896,tomography
2,3,0.8299458303619774,,0.05012270445700765,0.0104183954046329,tomography
2,10,0.8676056423719987,40.894991986412336,0.040237095461069815,0.0108153964810186,tomography
2,2,,21.016300809552895,0.03249308595641729,0.014298124705473318,tomography
2,7,0.7519677194815316,65.31384192807292,0.040450884740847536,0.01653806334094598,direct
2,2,0.8942407970647481,52.81956106258551,0.03144887833096891,0.012377164931164744,tomography
2,10,0.8027993425207167,93.4118449748684,0.030239030432849555,0.021761013394335723,tomography
2,7,0.8534493787521781,58.962843205134874,0.026485857642862674,0.017120334307592255,tomography
2,10,1.0034142235128758,28.099900430200307,0.04563413358832109,0.015197235241203698,randomized
2,5,0.8729318881623884,55.884652055280746,0.021815713340579985,0.007820452380657362,tomography
2,7,0.8555723857787378,16.10547599900646,0.04532367724678116,0.008420920917862465,direct
2,5,0.6868172630824096,18.286757394049722,0.03499864123740371,0.016405046251409032,direct
2,2,0.9395504279232665,77.79134079251587,0.016006938251980584,0.004337021869225818,tomography
2,2,0.927458101736929,29.567406445783767,0.03367649292991422,0.020063187048220358,direct
2,7,1.1095905667966552,80.06861151346733,0.008999734923483759,0.014209230778138397,randomized
2,7,0.8130666118056399,86.41737171109364,0.036255080168310354,0.031215464847973662,tomography
2,10,0.8762980393196727,97.44254161289727,0.03885231482988991,0.02653958125308055,direct
2,10,0.8799260420452906,124.22647754965885,0.024076440443479463,0.014092754653762416,direct
2,5,1.0392943935716168,28.192443534990463,,0.014468314987343425,tomography
2,7,0.8385645361135657,19.199871207157358,0.049541574337502864,0.01997790757001015,direct
2,2,,43.63747149250416,0.024942532957380633,0.023515863049590188,tomography
2,10,0.9229475811659846,23.1949091486295,0.019410924129433994,0.006809854712819916,direct
2,10,0.8723930947787629,45.948988053763166,0.04481663402462599,0.006068122673226566,randomized
2,2,,61.13839361847305,0.04962587190530795,0.011889825972228093,direct
2,10,0.8732907991477968,58.30255353370436,0.03003695671847847,0.017913687915869322,direct
2,5,0.9788358099831727,23.464425212038993,0.04011463035408356,0.017484367952537987,tomography
2,7,0.7268181640706728,,0.04341475915530881,0.020348857274919252,direct
2,2,0.8659563608976251,28.152400679893052,0.02257515767461616,0.009001512358173458,tomography
2,7,1.353728565412997,7.692194749305026,0.20666279984103747,0.003419280685155616,randomized
2,10,0.9934055954709811,110.40787202685334,0.04230874513154735,0.019290070976510726,tomography
2,10,0.6672175714259471,21.223028808697002,0.046850142787085096,0.010859018635173827,tomography
2,2,0.7829293783274094,8.388975176259995,,0.0049075606780568095,direct
2,5,0.8952654250077425,1.2888577198338331,0.021201856464979456,0.01572531872979691,randomized
2,3,1.0378628835081207,51.897837901030364,0.04987061111699441,0.018965878441093386,tomography
2,2,0.8421099686712414,50.654169149840996,0.024690291021880355,0.014389714339393614,direct
2,3,0.7833760567968162,,0.02664862218828548,0.012710758069087552,direct
2,3,1.0757388483328707,3.7206564888137263,0.03342337834489621,0.014203188839270466,tomography
2,5,0.6762383319500507,26.350197405587313,0.04554160420714774,0.013147086187996085,direct
2,3,0.5861432852055901,18.641486276414167,0.038539759765522236,0.008259764440299164,tomography
2,3,0.9028017340063998,56.523826157935076,0.034148655003619105,0.01142659661504784,tomography
2,5,0.7897534930776866,46.54221230029178,0.03463288530118106,0.017606399525069073,tomography
2,3,0.7274520619443144,22.67453432794459,0.03043514668643466,0.0166083927068825,randomized
2,3,,12.288157461212414,0.03558139514518506,0.0158402990298341,tomography
2,3,1.424887725644707,221.2925154682265,0.20334179947050596,0.010024257590733101,direct
2,2,0.7823105643115926,30.25696362326469,0.027033925409302016,0.014092484189321663,randomized
2,2,0.6963634721594927,58.28157192596623,0.032413219349167806,0.004114674767785726,direct
2,2,0.9546948793936173,7.573304104734127,0.01848985916380493,0.01589238331942695,randomized
2,5,0.9280241413550393,33.23670411344603,0.0338632331781156,0.022144288539067837,randomized
2,10,0.838098896346474,1.3961481211462656,0.027955287790138783,0.007629339339789471,randomized
2,3,1.0715964395257198,35.2058684735351,,0.012070361633411223,randomized
2,3,0.7215898280408617,166.23599942560742,0.045730197252148566,0.016645533893550647,direct
2,5,0.6669369794890313,24.2421972397371,0.025341944308818372,0.02126421317213742,tomography
2,3,0.7669710316142506,1.9888360387391568,0.028491622884333045,0.012758876918499251,direct
2,2,0.8445296780373402,1.5722522362918268,0.029260524343916072,0.011538748353670518,tomography
2,10,0.879200733918723,24.550068131504073,0.025483405238403773,0.005155384287919584,direct
2,7,0.8210516730572404,8.719153692556542,0.03195024984028127,0.015517190646540531,randomized
2,3,0.8922466475817156,1.1814538540600281,0.022417179311124098,0.02521038020071872,randomized
2,2,0.6998152690971466,,0.018693846650624735,0.01638679230982338,tomography
2,7,1.0232517524887912,30.67273522269077,0.036227112239002685,0.014888605104081434,tomography
2,10,0.8401418585928917,17.07135864146678,0.036295295842218106,0.016610411553834928,direct
2,7,1.2498601610426237,115.17086346607717,0.2443253441474962,0.01494453998025699,tomography
2,2,0.8911270415653245,6.172771174893265,0.038953554307625995,0.01093492813869935,direct
2,7,,156.08612740704874,,0.019116399578388527,tomography
2,5,0.9183720736278644,18.841456774526314,0.03253165238037981,0.016128807615558773,tomography
2,7,0.9037250272020777,109.6433567784054,0.03820344012612456,0.015088066259668286,tomography
2,3,0.9271267311841053,46.18375603423861,,0.01012316986360875,randomized
2,3,1.0094983036158918,87.6386775688192,0.03454740912141135,0.021517539659673793,randomized
2,5,0.8735825403641764,206.79947980001413,0.024835703561124283,0.01832351372666555,direct
2,2,0.9350804509106214,17.012348244930582,0.028035334165719027,0.01223539581316349,tomography
2,3,0.8392317166855328,162.38368329798274,0.027941405691196596,0.020009124268409686,direct
2,10,1.0228140658539366,24.672366484581094,0.02253421653459761,0.012512145808073964,tomography
2,3,0.7688329237528876,24.34828616049801,0.02823225836884218,0.011089982537444814,randomized
2,3,1.066112851949298,20.80510688152398,,0.011201484412598564,randomized
2,2,0.8451810459226787,38.97967484469401,0.02508846252857895,0.006144657234559543,tomography
2,7,0.6783069877458342,8.37036899559433,0.02715124506630329,0.017357711902091028,tomography
2,3,0.8653725297892947,40.33948211457837,0.027438202475046195,0.005844275608308249,randomized
2,5,,39.01208940447564,0.027585025541292208,0.008857780843671186,randomized
2,7,0.9508772258786469,71.75360691532478,0.02938235800139871,0.004622059954607333,direct
2,10,,89.68305238542267,0.03479441518086064,0.014569651536045534,randomized
2,2,0.7964579880142264,29.030346577253276,0.038745170741325226,0.01424839769864064,tomography
2,10,0.6232551122865363,,0.02350234773151733,0.01336651893406818,direct
2,7,0.7957232416901108,15.010335452106865,0.017967991446108555,0.009787111526647118,tomography
2,7,0.5591344808045252,,0.019579555877568967,0.009138831232816799,direct
2,7,0.6599316611817132,2.96879789041904,0.02512797078805073,0.01732184931773287,tomography
2,10,0.9412497587373156,20.961569920849488,0.02648078682183491,0.012247240341457561,randomized
2,7,0.9442960190380998,15.752505335258448,0.022300039338025424,0.016581791607680724,tomography
2,10,0.9010549074141957,169.68733912148303,0.017038833357501053,0.010573756569378886,direct
2,7,0.7339628628244944,,0.025438791725258116,0.01590531371385541,tomography
2,5,0.8442746372629624,21.33012477585504,0.03181426620113971,0.021516390186580317,direct
2,7,0.8495676953091318,43.430726181128634,0.03595029465835565,0.017930829001963917,tomography
2,10,0.7109962372968949,7.494462875107239,0.024425769468916787,0.012937930908917598,randomized
2,3,1.0304077962120581,29.353283672145146,0.02587002177856566,0.016285994851779638,randomized
2,7,,49.206310289100564,0.020733016911526892,0.013796674127348934,tomography
2,3,0.8234842991404403,33.559288548973754,0.029685608296252233,0.015039400923473641,tomography
2,5,0.8532263006793437,25.6897347427876,0.021515713658091854,0.01337194473925748,tomography
2,2,0.8750059369537063,254.55206319712303,0.035731278132412,0.014178323970573042,direct
2,5,0.6049918157890851,,0.012141335080658887,0.016060466765370877,tomography
2,7,0.8203387140975283,48.82937419034039,0.026403703275475376,0.010033206502090245,tomography
2,3,0.7681618902402642,42.12615601905684,0.03301107339191742,0.009920605865050107,direct
2,3,0.7298055988126101,48.466182165997715,0.03183834516322504,0.008057287230843944,randomized
2,10,,11.239251629289253,0.056930336639804964,0.006998644477481449,tomography
2,3,1.0657223832219427,25.137726084509843,0.033498000245679074,0.008913586538897603,tomography
2,10,0.9269011433520411,2.0129583182880104,0.0199594540315799,0.015797312534020645,randomized
2,2,0.7814585212260644,32.26988145217898,0.029045357529109268,0.01053606242254058,randomized
2,7,0.918709933762739,39.15628418764873,0.012237536665335478,0.01756807232115548,direct
2,10,1.0179226523903202,12.922330272947285,0.02919400250703239,0.015173568743762808,tomography
2,2,0.9609560419495322,166.25189859498883,0.021669439429992412,0.0051574789328097306,tomography
2,3,0.8571556443904209,,0.03915390275560161,0.01827487792110845,direct
2,3,0.7723675866753311,64.03247667618976,0.02450459725404465,0.01905399322795855,randomized
2,2,,38.112713153296625,0.028832340842047534,0.010030686625825732,direct
2,3,0.89721824625061,101.99918115913103,0.023644421585955963,0.01710095771447496,randomized
2,2,0.9574231864033278,7.000608453811546,0.047388513518533314,0.010717508812954005,direct
2,10,0.9262206162018363,78.15391457141175,0.026787572338820884,0.015488351883741676,randomized
2,10,0.9759463258383202,6.666331477601192,0.04832557043479202,0.008677507965225172,direct
2,2,0.7857717746127318,79.04511335870843,0.03814151762118267,0.006034467737327115,randomized
2,10,1.0080872878761191,16.13214498956713,0.03482066727335386,0.013085914051935156,randomized
2,10,0.873711952563088,,0.033687331473175194,0.014381355268625818,randomized
2,10,1.0990313047150317,144.1577773175082,0.033937972982162515,0.01301160153192698,randomized
2,5,0.7672974618292518,8.055171260730479,0.010723274206543898,0.009079847208887203,randomized
2,7,1.05831565637983,31.05766397295583,0.027211166058492435,0.013000504689344314,tomography
2,3,0.8737492940155177,198.13261065714855,0.038451579711843216,0.01634647376290367,randomized
3,5,0.7718298395662662,33.02503962436906,0.029511028165258944,0.014775534849387314,tomography
3,10,0.7919336999134814,99.58894376326063,0.01594810153196425,0.015912505152996068,randomized
3,2,1.4146517863863386,44.425452346212495,0.23247989153803605,0.011649423997728834,tomography
3,10,0.90089991356823,23.52658106401821,0.04704105516255491,0.020858589573580798,tomography
3,7,0.9127402585642599,16.828460953003795,0.042468917155347195,0.009119133317226096,direct
3,10,0.7811559995273705,11.359027645419319,0.02937995990633968,0.017437801485433592,randomized
3,2,0.8470774489286821,71.73185146084778,,0.020909455464799807,direct
3,7,1.1070724430334236,24.432052140118795,0.02633492979631948,0.017404540463744476,direct
3,10,1.0573051804120854,35.7978132807031,0.012961284131732809,0.01398737886467585,randomized
3,7,0.9023588403608839,33.89573727044545,0.020755340118704457,0.012358514766685105,direct
3,3,,,,0.02018043825523128,randomized
3,3,1.3712068984730543,100.33824089565735,0.26033255656445986,0.007885125373691635,direct
3,10,0.92362215672765,197.48453956678412,0.02756616020624982,0.010149378698101782,randomized
3,7,0.7272648921761913,26.177327012433345,,0.013012211172541392,randomized
3,2,0.8191148155091985,87.87338709486767,,0.02118826878755999,randomized
3,10,0.6497699111346892,72.30811982512931,0.046259589153620634,0.01689883818020448,tomography
3,3,0.8979067747126335,42.61053979223314,0.05218780233448134,0.010159771207448773,direct
3,3,,156.23188325989673,0.028409547895999487,0.013448461473075482,tomography
3,10,0.7920176245240751,11.186843585222507,,0.011928384279518527,direct
3,7,1.3475371897871005,5.785371390988225,0.28704004631058366,0.011451055038832324,direct
3,3,0.7029081204397191,96.1944095446393,0.044769344261182745,0.019894447792783893,direct
3,7,0.6742750143748216,28.91507309737382,0.018322204487320647,0.008141284353682473,tomography
3,3,0.8769342182271966,93.85569055162965,0.03216775563762629,0.023043904278671867,direct
3,3,,111.78849196435586,0.01902697472367156,0.019141148450923115,tomography
3,5,1.0520713229749443,3.22466443437917,0.02411133173261304,0.02045430835301849,randomized
3,3,0.7949338884557272,107.47807940351615,0.021627375689502997,0.012685302439873708,direct
3,2,0.9794417000117555,29.739269933421237,0.02392124739324182,0.014250296404604453,direct
3,10,,35.71164541230529,0.024608772968510214,0.007834240927376439,randomized
3,10,0.8292847240071016,49.254249604265105,0.024517312050749227,0.012376687964665985,randomized
3,7,0.9560391924984006,130.4436979782388,0.038333339117803074,0.017468274238215755,direct
3,3,0.9282787454096103,0.9650584682792921,0.0189513720693748,0.02148031530890698,randomized
3,2,0.6608329411618901,32.39372819689116,0.03220541427013867,0.00946421591598774,tomography
3,7,1.0271848419671075,58.19307990668292,0.04217959152305558,0.01317247031507367,tomography
3,5,1.0156109624976941,64.13402087725522,0.02486803635486604,0.014243503898837388,direct
3,7,0.7749324758188565,58.9692832855554,0.02282081109252398,0.008021053989037574,tomography
3,7,0.8974964240124891,7.218647779765466,,0.017956746208792,tomography
3,3,0.9092836223539287,17.790593565488702,0.0417972520836071,0.011380048341286954,direct
3,5,0.8812808518988688,22.214106120466734,,0.014023048244114879,randomized
3,7,0.7839633815385496,81.59368813932608,0.024687857053924015,0.01274025314044061,direct
3,2,1.3452798594329176,16.3391574588316,0.23120013061084504,0.011053307471401628,tomography
3,2,0.8469335114810266,11.830754561812427,0.018977078501635766,0.014964775072597226,direct
3,10,0.9907274823111237,157.85144344750043,,0.013921952107159888,direct
3,5,0.9152320185513318,0.4451398836142618,0.03408607307701767,0.013140710588606672,tomography
3,5,0.8055262801496673,306.44114969520433,0.02692191528861116,0.011357691891598286,tomography
3,10,0.9426038452778014,56.47749272183766,0.021614142015527686,0.01659762335391478,direct
3,7,,,0.021133190777165425,0.023268086342461424,tomography
3,5,,,0.0353481733634591,0.015699436164195637,tomography
3,2,0.641234346546628,0.7209364869005761,0.04228980502489062,0.019980591074555645,tomography
3,2,0.8065070870316241,66.94564392173503,0.02362692252971205,0.008048890374232686,tomography
3,3,0.7156396126448628,89.83194682467004,0.034583867035514845,0.015788807196468847,tomography
3,5,0.6946382229134913,67.4453301774047,0.00912972981397931,0.009513158405144667,tomography
3,7,0.9892992144854222,,0.024153822693428004,0.007615375362340492,randomized
3,10,0.793875855842573,70.0050461802127,0.02968941067129098,0.011303142962704819,direct
3,10,0.8915804658076859,,0.02090316583018166,0.020959496672067864,tomography
3,7,0.8443695305344979,,0.020634936252104042,0.01975007914334823,direct
3,3,0.9072448992667745,72.64648628462066,0.02332220443531114,0.016215023610271998,randomized
3,10,0.8592186269272306,93.51463373394024,0.03292192728326373,0.007336497200550345,tomography
3,5,0.6960409330973716,47.54464121564652,0.028126709815936252,0.014018596743060316,direct
3,3,0.9695520183336568,4.638928619745787,0.007617687666750277,0.016508500044508677,tomography
3,5,,,0.008792998473649337,0.01587768114789299,tomography
3,2,0.6632101721608299,4.041489828716267,,0.00578103208259627,tomography
3,3,0.7986261806840905,26.173851741266763,,0.01054841075990064,tomography
3,10,1.0300911748761172,26.137023652531553,0.002524951572747652,0.014679611179256416,tomography
3,3,0.9520266090536191,3.414469028677538,0.02500269823848369,0.017681454547585948,tomography
3,3,0.8081617438710569,,0.02473752143482579,0.004019360894500267,tomography
3,3,0.8080890754817885,5.882795243903625,0.043883377782084475,0.014189380122600707,randomized
3,3,0.811403793853914,82.57428550377401,0.026149781882871363,0.01571524384939476,randomized
3,5,1.0992097580273008,147.52649925309993,0.033829889847409284,0.019248059942581067,tomography
3,2,,3.7532316866227884,0.03141257140087463,0.01846428792118718,tomography
3,7,0.9016049976629283,155.18281170343428,0.008694335201927993,0.017912856594044027,randomized
3,3,0.973634014483821,,0.037682072166317374,0.011000297466490328,randomized
3,10,,17.802733813930104,0.03215396505456288,0.005459989314383461,randomized
3,3,0.8189149425015156,3.998831236978604,0.035082686396745895,0.013034736214692994,tomography
3,10,0.8264380181098026,34.71982483856968,0.06926237706436326,0.0200081591260428,direct
3,5,0.8414078488703123,79.11924450988089,0.009158870605014115,0.021967272637622156,direct
3,10,,61.39389288918249,0.047246966497611086,0.018552745511488927,direct
3,7,,2.576561474802323,0.027125524805996445,0.017146704114008673,direct
3,2,0.8562335062968759,3.784791202912624,0.03287328904403009,0.016898198241929827,tomography
3,10,0.9379168092658695,25.781296560804385,0.029544877546987577,0.012219406266196097,direct
3,10,0.8403140103869701,17.498480469002452,0.025757636666019563,0.014349698532231898,randomized
3,2,0.8594362228379309,13.223304586627977,0.024301670717612415,0.023345347629131655,randomized
3,7,0.610215917856147,16.495008922775583,0.03329508735573009,0.010287209971040616,direct
3,3,0.9599593209642977,81.35025155783579,0.014828263033283207,0.023073893953549255,randomized
3,10,0.8915786171077591,132.4146297271714,0.037505791675217656,0.013389859227539708,tomography
3,2,0.9697612131831582,25.96832420887668,0.025838055951147458,0.021627160545475393,direct
3,5,0.5024493546167573,118.28210341214451,0.01869930660959642,0.007965924952512308,direct
3,2,1.1006049645736873,19.39322320286248,0.025499871420041863,0.017929521005823245,tomography
3,5,0.8332492446213792,32.354894299476214,0.04257149216862573,0.01131614932026189,randomized
3,7,0.982981938008502,12.81104354863943,0.024646649129837765,0.007923664040379062,tomography
3,3,0.7252112887449362,51.14872309857723,,0.016092670212054728,tomography
3,2,0.9235328686075084,193.1166983988161,0.022690437242845266,0.020047358942979845,randomized
3,10,0.7235901324191613,,0.03757921849923619,0.010775292807032518,tomography
3,7,0.7751477247165034,,0.03685507738790204,0.007504920197707993,randomized
3,2,1.0796837624640143,52.18028092377419,0.04848608833296411,0.014540776178325224,randomized
3,10,0.8271181119083983,6.557892212615533,0.028244360545007844,0.014562823356114094,tomography
3,2,0.8760919447815667,109.75792178331531,0.036686548047579065,0.017741598137772496,randomized
3,5,0.9544081276826505,34.96670911016173,0.030980675395389446,0.019747972856822442,tomography
3,2,0.9094818265567125,29.832770595305092,0.04295871781863014,0.01470292409363753,randomized
3,2,0.8680502686172291,44.07813802699802,0.022811676123912696,0.024277516573971314,direct
3,2,0.893795320295947,49.012652657591346,0.03745005312877281,0.01612117372267646,randomized
3,7,1.138409870228593,3.7240993627832486,0.02805302703883318,0.013267867469965501,randomized
3,2,0.8430857443559697,57.382336476218995,0.02935811822891502,0.00694216320448586,tomography
3,10,0.8741318856057961,13.849088294575523,0.030917524844483728,0.01368670239841916,randomized
3,5,0.9760785275209134,62.579893063476675,0.032522403964266776,0.013318065272944319,direct
3,5,,,0.028837709568780418,0.019801523981407353,direct
3,2,0.9924436366672456,,0.032147131831705256,0.01731241812033427,randomized
3,7,0.9266476266435021,40.20404515374513,0.045781180575621847,0.009103154391836914,randomized
3,7,,36.71615900233151,0.03985449685615218,0.015861271932055186,direct
3,10,1.0460117838761316,7.708631748212545,0.03869154592496896,0.018357655858645267,tomography
3,2,1.3764258737564092,74.65972538187141,0.23539056672118172,0.022640156796939162,direct
3,5,0.886316255828684,15.832163455430326,,0.019437519837070295,direct
3,7,0.759486897997677,34.327988544986134,,0.018804233271557388,randomized
3,2,0.8423033984088408,16.722899833187103,0.03876046792529794,0.015300429973075817,randomized
3,7,0.8894514892364177,7.18360974536481,0.04472670675750982,0.016941560027117247,direct
3,7,0.8885628658540328,49.65287867379612,0.023960193740307705,0.021247524503530794,tomography
3,5,0.9006304905082342,2.7931879862958184,0.027704513446396527,0.00833611301260175,direct
3,3,1.0436453522870377,69.04449639590402,0.013605158374745657,0.01325280336391522,direct
3,10,,19.105996627694825,,0.011137156256218795,tomography
3,10,0.8207012037651221,0.006735103820133686,0.039965705105794475,0.01689576559363062,direct
3,5,0.9656904601946029,35.78284564022226,0.02533504620771802,0.02115111087825394,direct
3,7,0.9927364586709568,2.399249618062609,0.03640479795200824,0.01201512856639463,randomized
3,2,,16.159905495488985,0.028094968940021885,0.0030484781626528095,tomography
3,7,0.921688008381983,61.37512127966615,0.0332405702822156,0.012938896274877648,randomized
3,5,0.9341407290773077,3.237040232941339,0.018523086101843327,0.019567368660087032,randomized
3,10,0.8142923795968009,91.42277821073932,0.030852094496339008,0.017688149514749396,tomography
3,7,1.0150848175973943,0.19136185981980283,8.864029099276575e-05,0.01714093123905288,tomography
3,10,0.8319933295560967,14.172808654574776,0.02813103841838015,0.0136000334906276,direct
3,2,0.865069174416585,67.5278423155552,0.013695267562848596,0.008604846318901068,randomized
3,10,0.8292313810859356,19.009619755987487,0.04205994516546816,0.017576471608122337,tomography
3,10,0.851869485709776,5.373269137189675,0.03777407352764511,0.010828590949826876,randomized
3,3,0.7184469895725758,22.3326333782404,,0.02592048366690228,randomized
3,3,0.6771938940886847,15.762481924437802,0.0452100622715938,0.01785253604177258,tomography
3,3,1.0413406075869966,92.48380685685146,0.020510834791751625,0.012096758487230247,direct
3,10,0.7483646382018007,18.796377264691987,0.04747363197915558,0.01194307376305686,randomized
3,5,0.7310329180652432,77.77885788656754,0.039321915642603844,0.014535278966932057,tomography
3,10,0.5915931863675542,111.22204538520141,0.02763444712781054,0.01380249038989125,direct
3,5,0.7733245902772597,28.44193362716482,0.04135620147182944,0.020584168877649772,randomized
3,5,0.6912292247911002,120.36570365805983,0.018937064875883657,0.01593208084872023,tomography
3,3,1.0470418192163642,23.6859705279758,0.021754858384723262,0.01134184130545736,randomized
3,7,0.9711780507211161,166.3208476084358,0.023914102767602995,0.024452203425778914,tomography
3,2,0.7674219585786731,4.6765120906180755,,0.015246541657601113,tomography
3,3,1.120292296641317,58.080682232999415,0.019434423572397472,0.018844198379844485,randomized
3,3,0.9678118584389913,34.042558411557664,0.04223083067095325,0.011958867462776203,randomized
3,7,0.8110202339789653,24.522465688125656,0.02741145599630168,0.016815578138722618,tomography
3,2,,50.080433370266384,0.03352504968356879,0.016555549955715974,direct
3,10,1.124913108710889,60.84565713175621,0.024296486335863194,0.0055517535395192335,randomized
3,10,0.6832513039883684,0.21864082458732062,0.011793966994514828,0.0250763755523032,tomography
3,3,0.652552150365173,9.13326611856045,0.03270057358391422,0.021453222304612735,tomography
3,2,0.9727084518411568,62.421676563433316,0.01087745024580223,0.013014023419270061,direct
3,3,1.1427702887607127,54.88844425837362,0.029313659539145314,0.009488651297720722,direct
3,5,1.0161127382212622,169.13964705202707,0.016316849611671895,0.01673780806901776,direct
3,3,0.9176690944062831,71.57249288783703,0.04987275999230808,0.015433488497071983,randomized
3,3,0.9213705209998343,150.56535441884395,0.039113627221747216,0.016778344742816146,tomography
3,10,0.952409867053637,60.62386014385437,0.031057537912714803,0.015957886980970448,tomography
3,10,0.9410714307744118,17.69481245016324,0.04263706677654668,0.01753120494652963,tomography
3,10,,5.566968910601795,0.021536840225342642,0.02223652849695903,direct
3,5,,76.12262880572403,,0.01784051602564323,tomography
3,10,0.8424888246520573,51.662189872601246,,0.009751722505450294,randomized
3,2,0.7595242493359988,2.4692827225770997,0.0326402008133367,0.02181281426356226,direct
3,7,0.8163189907759871,22.318297935387854,0.04272353500106768,0.023203072817441436,direct
3,2,,157.09552562720572,,0.030760283672560423,direct
3,2,0.83819924478463,34.697489699417524,0.03288723662825023,0.009382529833802009,direct
3,10,0.7313690671418899,28.34591875362745,0.013451125637717037,0.016214410065751375,randomized
3,7,0.7175692819341074,,0.02039953704720536,0.004589506484055061,tomography
3,7,0.8715872981384174,11.71545296262979,0.028772910664042757,0.017765745781896044,randomized
3,7,1.0170402743613518,22.999272627958508,0.03093372374276651,0.012258998509166136,tomography
3,5,0.9601979927202776,23.086954222601868,0.01869796275326076,0.024617228974124765,randomized
3,10,0.6615399275652187,2.6887670368048906,0.05411676675578421,0.01112692514990709,direct
3,7,0.7312446236115595,72.9577985806525,0.04516394055253573,0.006554084810163691,direct
3,5,0.9628925425585859,26.93592113318849,0.036021183203924834,0.012643681296487401,randomized
3,3,,86.3491419891449,0.03072036861283745,0.005122561143914312,randomized
3,3,0.823044022000357,94.97213438694287,0.027877910300988476,0.01875549727253655,tomography
3,5,0.9160062518829462,11.912482217703124,0.020480815399777644,0.004674584768718396,randomized
3,5,0.7337986654163637,53.552796173565476,0.030774805185188624,0.015142287905915795,randomized
3,10,0.8626450607375151,31.95964288803716,0.032577525401427505,0.004610940900719015,tomography
3,10,0.6899169406098155,106.07852696511799,,0.01339851097731679,tomography
3,3,0.7778358827258544,12.150777348314861,0.033341764172448975,0.02321689077902267,tomography
3,7,0.8883738320971044,,,0.016803239457178973,randomized
3,3,0.6588407519761996,46.793064892154504,0.010921924421226088,0.01068253197517533,tomography
3,7,0.9028569685552479,17.49925976950795,0.02139614989220498,0.014843982555304579,direct
3,7,0.8476434641287982,7.343912124034377,0.025863944665783557,0.015090084360222232,direct
3,10,0.9162987945300577,52.72590817927142,0.0488768765734019,0.017363151729217027,direct
3,2,0.8768696960877593,67.08468768927355,0.03556553124533758,0.008165708183595867,randomized
3,2,1.0136968515968612,18.96263453300884,0.01664518430900109,0.01796283636923665,direct
3,5,0.8650269403177488,51.75830313402491,0.03486036289417637,0.0014780418419861232,randomized
3,10,0.7984713350649696,25.137161029068373,0.014526960110616343,0.011850577238180948,randomized
3,7,0.8646757003638741,62.44970854163753,0.040826910538870734,0.012558630787742275,direct
3,2,0.9151957634843666,11.10815628530355,,0.018166634130356192,tomography
3,7,0.8558632084390845,110.46156976364958,,0.015113154263384346,randomized
3,2,1.3048422358597875,16.942424636730937,0.21862449382997748,0.007972184730718566,direct
3,2,0.7657609974631893,22.926365759416946,0.0171283643141575,0.010075034370914924,randomized
3,2,0.7704518898938861,2.9923811421853044,0.016028818148870087,0.015993400047737034,tomography
3,10,0.6816873673840368,,0.02416400673653995,0.014604663290677217,tomography
3,3,1.0599492091824327,36.269254399420305,0.04038378851019316,0.012104379451821265,direct
3,7,0.7007364117530458,15.57092336128623,,0.012595831052440103,randomized
3,10,0.7668513762644911,90.23622538735032,0.0016784440188943011,0.018480839985796443,randomized
3,10,0.7637911281316963,0.7401202847220854,0.02548841141591001,0.012411537135653926,randomized
3,10,0.9573909252333329,23.82878278273536,0.035517407999109206,0.014559543779854633,randomized
3,10,0.8146060386049566,20.57508056708215,0.04200261749738829,0.025849682940402713,direct
3,10,0.999729048720848,0.9758425834938557,0.02536838637914601,0.007881586815580384,tomography
4,5,0.7691811250907358,6.640491165229435,0.025885733928839975,0.005740786342126706,direct
4,7,0.8834792994668562,26.691295273787276,0.04153900734255747,0.018917948323993034,randomized
4,10,0.7497583536088291,33.9488609616996,0.011302583003045793,0.011606784693529482,randomized
4,7,1.1074178953328067,25.900044161986095,0.026114792248169906,0.013408812361286897,tomography
4,5,0.7074881897164584,37.85098187566613,0.03190423889925058,0.011094218109344429,randomized
4,5,0.8871784852272433,45.20966939817584,0.03449218721285034,0.013700999296162437,direct
4,7,0.9260532257118518,,0.024901933068091173,0.022992690560481706,direct
4,2,0.8996558916941798,31.189933498330944,0.030344410117058414,0.019010642293090595,tomography
4,3,0.827765480934675,165.52111105048192,0.005116726465870103,0.019311117559434886,direct
4,2,0.8344215160319889,36.59775607924128,0.023417515876661514,0.007918864721036771,direct
4,2,0.8552573766374931,56.589160661194825,0.03453508712554467,0.009244231317235653,direct
4,2,0.8323597598045813,18.688428984494017,0.020177059657453204,0.0008046067025728645,direct
4,10,0.9656654940153891,74.35910653354988,0.030589842215895974,0.01095309589458623,randomized
4,5,1.1152627601909622,74.122971324484,0.034468725008026974,0.019783515931928293,direct
4,2,0.78310098579906,36.83364631013783,0.026574507991422348,0.017584732578741855,tomography
4,5,0.6856236424505107,186.51387922679223,0.031704637709965705,0.01389243368523938,tomography
4,7,0.8394061541978494,6.708020364218744,0.020372674347153875,0.014888498581409735,direct
4,3,1.1595651205185182,0.85464600292336,,0.01155557228712297,tomography
4,7,0.7535590518436323,73.51820419798914,0.036102161695892226,0.01602379441200892,direct
4,7,1.046694016653288,82.29356540329731,0.03156972960968434,0.018829391397403073,tomography
4,10,1.051324097689173,,0.024134687304360643,0.006920566062947635,tomography
4,3,0.7835694109950406,15.433903217401742,0.03224216404290793,0.01649823843918674,direct
4,7,0.9182779695022331,0.8854116353232501,0.03714609790636618,0.019662174354773337,direct
4,7,1.0454075947754244,17.35806079258283,0.009500587214225219,0.01292449855518315,randomized
4,3,,74.1715226064056,0.04159074064955898,0.01850350306060292,direct
4,3,,36.4864637786035,0.02663745261318928,0.029073272222362764,direct
4,7,,,0.0342548993324023,0.014478286035065539,randomized
4,3,0.728229192316856,23.24000315796827,0.04197246923645228,0.01696653525002662,direct
4,7,0.7720866945920791,0.06772713471739074,0.01628326302769534,0.011309714581693041,direct
4,7,,17.819501195560353,0.022905589975724533,0.01590625581301025,randomized
4,10,0.8540900161911071,51.98775432802587,,0.017301358124911518,direct
4,2,0.757603212272963,182.858272714259,,0.01597421170135069,direct
4,7,0.8780543094148897,93.88574993123456,0.04734936575836808,0.009901523401455715,randomized
4,5,0.6632925224555647,1.193889170775825,0.021432279061732073,0.016031808856627253,randomized
4,2,0.8897056278657348,114.41468746111295,0.024444532205131334,0.022310979693588185,tomography
4,2,0.950023475393071,76.43863453550762,0.03204389031602976,0.017243178822572636,direct
4,2,0.6107517228914253,75.79194241744997,0.01797850473923911,0.019809935945359205,tomography
4,10,0.8948867883817087,,0.02604319288243736,0.013814940149936861,tomography
4,7,0.997320279096795,25.375331299759786,0.03317453261250175,0.01874950119711855,randomized
4,10,0.7048430777570553,18.04244849911565,0.02667139595617489,0.016396339191082628,direct
4,7,1.0507086864205244,3.3976095317135435,0.029066131411000517,0.010245446351563839,direct
4,10,0.9002822811239254,12.953782521651375,,0.016592605023994372,randomized
4,10,0.765398577308991,14.158190425046666,0.014855296908192329,0.010041516682798447,tomography
4,5,0.8433077106810752,33.089894227968344,0.03321593211339238,0.01183559862557604,randomized
4,10,0.9169992295026067,68.80619413033578,0.04754933071647242,0.01594664153646187,direct
4,3,0.8591206469694893,32.104629430782744,0.03018401630783438,0.01648622136690062,randomized
4,5,0.9146507190935643,2.979244503124204,0.0322526411724755,0.009053837674614354,direct
4,10,0.7395191688304761,158.25467021983783,,0.02026992885591438,tomography
4,2,0.8703232988843294,142.99395811760218,0.017306695034533005,0.017860031391502364,direct
4,3,0.6803542603714023,,0.04702514658129606,0.01147635782194558,tomography
4,3,0.8366528726381559,237.38222416799718,0.03202328796422802,0.007312076017754123,tomography
4,3,0.7415310830242252,39.31603883231449,0.04631856899089109,0.014275477104592843,direct
4,5,0.761736406889228,164.529803989145,0.022669670044760105,0.012770281430694199,direct
4,10,0.9983311810252524,,0.048180619225578245,0.015565702285265114,tomography
4,10,0.9809572144713122,22.760144982313843,0.03775155494034783,0.013184416694222167,randomized
4,2,,12.769216469929553,0.03553040085852358,0.00496271569627495,direct
4,2,,10.89742122761541,,0.013058265308494209,tomography
4,3,0.8120309860366237,7.5878493685542505,0.027514713819255507,0.013471904444658435,tomography
4,2,0.9955717239975019,48.697798619599055,,0.01816830512387029,randomized
4,5,0.8670060296367885,76.00771455615799,0.031403598698480466,0.011509001626944751,direct
4,10,1.1283195447978032,43.172866134791335,0.010329302964128472,0.02339337336686283,tomography
4,3,0.8971981407273246,7.947600783391258,0.018828135382929972,0.005441797246741214,randomized
4,2,0.8730458939788037,83.33316729073272,0.028141542478072528,0.021555837489013123,tomography
4,5,,50.52384941086985,0.033099989831655546,0.013878405145609476,direct
4,5,0.8660249085738738,24.564689738889044,0.029434115111001042,0.019297924361717782,randomized
4,2,0.8317036196343348,56.0628828533534,0.042189707897936635,0.015399007420293665,tomography
4,10,0.9349730412026308,15.048834729935855,0.01048898135961375,0.020697777680127347,randomized
4,2,0.9648042780153501,,0.0314358793650516,0.013063190177235944,direct
4,3,0.7556812647390461,124.73927009813524,0.011820207746128452,0.009506897874110938,randomized
4,2,0.6902520455730666,17.1600566445232,0.03759712295484168,0.022102521436355316,direct
4,5,0.6296553552276044,31.74280685649471,,0.014432596770589293,tomography
4,2,0.9109589592295052,110.42794021308752,0.03419609972024118,0.016107792368121054,direct
4,10,0.7175960072591352,61.50238259218661,0.021361170394102336,0.021173759570223976,tomography
4,7,0.5916531288457021,,0.04279464931657751,0.009840223789527825,tomography
4,2,0.8966294325437156,,0.04041724664058851,0.017977454488196286,direct
4,10,1.1491599420919347,0.39362488619868075,0.035835443030118874,0.012050526217685546,tomography
4,10,0.8492714906152128,49.837335340074574,0.028704827531365593,0.01433915322177814,randomized
4,5,0.950618892934197,29.680789350511688,0.03579857285295132,0.015361394826921443,tomography
4,10,,,0.02293107432012651,0.007498890692765319,direct
4,10,0.8381332416170628,158.42591716576112,0.03855555659020712,0.011105814785897826,randomized
4,10,,37.714942731423136,0.04649480894323921,0.021755364462065694,randomized
4,10,0.8151670546973618,13.846556515460238,,0.019430955942923978,tomography
4,3,0.8820870776886284,34.71775260262578,0.022703975301925902,0.014686802113363826,tomography
4,3,0.8886037367435217,56.91242631366281,0.03361417317273103,0.016215617292564464,direct
4,5,0.7698291455628341,,0.01706858456241352,0.01352878747181771,randomized
4,2,0.9690450819443827,16.058758829254643,0.03572390311175676,0.02178291692913991,direct
4,10,0.8290048291965509,82.2443151175426,0.034506034128625386,0.01399823711102918,tomography
4,2,,30.77828607786736,0.011301836604678357,0.01615921046067424,randomized
4,2,,39.546506380290175,0.01838216156087636,0.020730150720710324,direct
4,5,0.7421838421850755,28.353575840115564,0.027168611032562327,0.011113142575770467,direct
4,10,0.8533817388842954,2.2446354450078516,0.026991402528591737,0.02279394592248447,direct
4,10,0.8489057204026955,9.061094871259682,0.017905230645811947,0.007347692951283115,direct
4,7,0.9803074678997894,29.488178371113804,0.033889787293521836,0.023148210655563994,direct
4,2,0.9069637879455943,11.7345904124512,0.032514736089405125,0.013136622080240126,randomized
4,2,0.8469967649505827,2.5635609768063423,0.028057308680214804,0.01378650626087359,direct
4,3,0.9481319559040344,92.78280231937154,0.022442084998416368,0.005549949144085285,randomized
4,7,1.0168249058820775,,0.04048707126416563,0.012726026413111534,direct
4,3,,78.78634682838712,0.04655407113088295,0.009800967344865578,tomography
4,3,0.8512423143812057,96.1338301134739,0.025164385161534627,0.011961768273132636,tomography
4,3,0.6925796521179808,13.852086135460567,0.023878330828451793,0.014313445171055601,direct
4,5,0.7221863604309553,161.7337177429394,,0.019788958072364526,tomography
4,5,0.8133730354774399,10.965402342068911,0.026419706202530136,0.01603801675700313,randomized
4,3,0.776858535740886,151.2372659101026,0.028606027993367658,0.016538383267005567,direct
4,7,0.8275634436417465,263.1406965994648,0.037396531517246714,0.009522403055772188,randomized
4,2,0.8567979909876529,62.1916390842341,0.01090643912492707,0.01059622955198635,direct
4,7,0.9135631305228077,198.54549447132231,0.04318302324852669,0.02399362509175656,tomography
4,10,0.841540146632909,42.14501812797031,0.030726805243293413,0.011323994826183766,randomized
4,5,0.9083801972591442,15.024303624615975,0.025885068554378197,0.02328104126028648,tomography
4,2,0.8577369297772144,28.72341714964048,0.02910765845778551,0.013784694005595666,tomography
4,2,0.6129440120375355,45.01606318808089,0.029624293550205186,0.01501143968071752,direct
4,10,0.7372797527417495,,0.012687986965550745,0.020351825801149647,randomized
4,10,0.8327094933134062,48.68848016974755,0.04494938227453236,0.02135946210969328,tomography
4,3,0.7048366308590671,198.63601039376942,0.030413256322706184,0.014445937198604562,direct
4,5,0.9219914475995445,10.542697055766686,0.03443002130447375,0.013058784732392307,direct
4,5,1.0336900998812437,78.65412180781225,0.03951549770574043,0.014720397757388934,direct
4,7,,,0.019788375424396994,0.01668978764116059,tomography
4,3,0.824386855488375,143.8544517946248,0.034734718990352284,0.019456518434348778,direct
4,3,1.0288871364219943,,0.027323589091012065,0.015021149294970757,randomized
4,3,0.8678400948642534,,0.03846770775216494,0.01809443149011577,randomized
4,3,0.8095496834658352,189.2869392429678,0.008727725796485045,0.023191798661354703,tomography
4,5,0.7763916803750872,70.79856118620867,0.02900905699758731,0.016906548061323922,randomized
4,5,0.8137036376214246,8.817258724042814,0.023971793442160383,0.016558264280023893,direct
4,3,0.8034187817750525,,0.03432262950634155,0.00740544587454966,tomography
4,7,0.8704499466850585,63.35116394606259,0.03470044187368202,0.001846349315854682,direct
4,2,0.8692688777259837,14.207104998989795,0.022923741051779738,0.01694187864615084,tomography
4,2,1.3649936959151592,51.168077623067646,0.29098236408320605,0.014525878843595639,tomography
4,7,0.902432580369562,54.92068727594814,0.028893346314426704,0.01242608662542629,direct
4,3,0.992877552974361,8.87862718992548,0.021033577726847916,0.01621765102093172,randomized
4,5,0.9639464962529588,41.6302693854329,0.038419836954521266,0.014697981354015458,randomized
4,2,0.6718122437860116,73.8387316020698,0.02630792799552554,0.020638901253169493,tomography
4,10,0.5435294638117654,34.5470472579968,0.0009301178067835841,0.015430554341294889,direct
4,10,,0.6088477943850167,0.026251779433781937,0.011265383574649162,direct
4,7,0.6859745561901495,0.45397819254521427,0.019614561791560275,0.019950831194796445,tomography
4,3,0.8230281517728779,22.082809591005336,0.013687241845390543,0.013914344625268986,randomized
4,2,0.7095864368728768,130.31580885262008,0.017625733617774274,0.017632683418361536,direct
4,3,0.6337623474903976,12.982388548195848,0.0310940847183297,0.012612946469035997,randomized
4,2,0.9149755273845745,50.305806252761,0.043286408282482314,0.011750865572512818,randomized
4,7,0.9410986192363175,12.556313986525486,0.0331318447386498,0.015420841150928481,tomography
4,7,0.7808187519127936,19.406068427327785,0.0239349661178426,0.015064143217718425,tomography
4,10,0.5390749249426108,94.20758508770626,,0.01739913517683416,randomized
4,3,0.784450666209702,65.25626528131986,0.025409096897810082,0.013656771233451286,direct
4,10,0.8970164806483055,5.0130811518334495,0.023053996308368553,0.005818201081148012,direct
4,3,0.6725306117471046,27.99221753900893,0.018456373317670156,0.012836130582058056,tomography
4,10,0.8720031903734986,1.480182990112607,0.012481711932482807,0.018969092335719077,randomized
4,5,0.8481628180992405,32.78198773179029,,0.013513119603784467,direct
4,5,0.9195149799521306,54.29971334477728,,0.013768082987427259,direct
4,5,0.8643496442096984,6.306662671847921,0.029033763299851103,0.019931882529529685,tomography
4,5,0.7332317270942134,17.046051616351722,0.02584033072052641,0.011440133863705385,randomized
4,2,0.993588580199739,25.361324214142517,0.02054253939303219,0.007285983908785501,direct
4,5,0.8309764512367636,125.9941784148555,0.03608246191684968,0.014196844402372528,tomography
4,7,0.8467234552588081,,0.016828680800534148,0.012579130243756315,direct
4,7,0.7380078449112164,2.297553109084137,0.03776027913843475,0.010168768401233728,direct
4,2,0.7968061298570187,,0.01997782981073275,0.014123107720506546,direct
4,5,0.7438236743167719,23.23879121527445,0.02247564762646965,0.017457528236233918,tomography
4,5,0.8292464728091892,,0.015332148093843229,0.01495355719216092,randomized
4,5,,70.1750725497671,0.02498597853114363,0.016534905363431187,tomography
4,10,0.6853718628482373,125.31249964185862,0.03975312458477979,0.024067038492577113,randomized
4,3,0.656372632254791,150.7239393293603,0.03515628088443956,0.013285605692212179,direct
4,10,1.026540439299233,43.033647172273184,0.03978422112028035,0.016391743173223346,randomized
4,3,,22.0899500324707,,0.012453933187004327,direct
4,5,,77.45221547885494,0.018963301714696307,0.010768201400565135,direct
4,5,0.9747885624875291,14.45090711393864,0.026692107756724426,0.01207546173291115,tomography
4,10,,41.51414204758868,0.02219800870882537,0.012606207142391556,direct
4,10,1.0691211656256323,22.20342059383268,0.043305749040390404,0.016797378987735628,tomography
4,3,0.9313511045607122,53.44749114938969,0.018032113535736884,0.02674537893350379,randomized
4,7,0.7914506310225157,13.748093444425482,0.038936976893891105,0.011419782818620798,randomized
4,3,1.1088769855918603,10.63447836422213,0.038929538701087694,0.012916873471922687,direct
4,10,0.7773142092395994,125.19779908948433,0.04829620201716087,0.014684384934443758,tomography
4,10,0.9390514446411168,5.368330935189589,0.025903134073705026,0.016978994243548734,direct
4,2,0.885915109648779,35.25672792049088,0.03712322159580162,0.016317754059773922,tomography
4,10,,12.477763444526255,0.05281651836538843,0.021420478969740586,tomography
4,2,1.0373813436072223,,0.023823583230663033,0.002868039647323956,tomography
4,7,0.853840497887892,1.834175280566355,0.014649597524676402,0.0030653506490216356,randomized
4,3,,9.632037172916343,0.011199899660922361,0.012520609139949254,tomography
4,3,,,,0.020486500937718543,randomized
4,2,0.7686741556297473,16.597635333402472,0.01116849791941416,0.007171759841972018,tomography
4,3,1.0916064697031946,150.24790562678797,0.02627680947062077,-3.81616984687869e-05,randomized
4,10,0.8663842397299285,43.568532458693184,0.03437313187038961,0.01785589703109604,randomized
4,5,0.8061614138425469,28.689530490754382,,0.016218286118513572,randomized
4,2,0.872161636703789,43.38560505970516,0.03425444864184172,0.009548957966002851,direct
4,3,0.6883448452564364,36.35571794975433,0.03222289855800854,0.01007230199639535,tomography
4,2,0.7334063153787218,71.10151842746741,0.042788658133133935,0.010151281401826627,direct
4,2,0.994049668953331,16.59884241993632,0.02047683619261203,0.0155526765873697,tomography
4,5,0.7711726865234325,21.77434362613133,0.023230048615414684,0.011868423619084965,tomography
4,10,0.7243706820781672,,0.02227340554729176,0.017470319594877597,direct
4,2,0.9143983303032743,146.36305584720753,0.0383019181186261,0.000726866685478044,randomized
4,3,0.9922844985595596,111.54031145986536,0.03900398588395063,0.010715740674361002,tomography
4,7,,27.1887946748747,0.03451225319318508,0.009369730195444747,randomized
4,2,0.969525722296698,75.78952457757636,0.04183493666889928,0.013718296608137538,direct
4,2,1.275392306142647,32.34522562058408,0.20604365449405643,0.012309761207549307,randomized
4,5,0.6793827199909788,34.41194749736848,0.04667224111551137,0.018989218899478834,tomography
4,10,1.0301600382346583,11.450543335802255,0.045232386217122576,0.005703316141699712,tomography
4,7,0.8112784193389437,44.717938178699704,0.037356219972457465,0.015227457381653759,tomography
4,3,0.8199000380253944,10.298093873716539,0.0478179890877106,0.017791682116058527,direct
4,7,1.009383297021887,20.14078347864592,0.01343376792322226,0.024283237182809773,tomography
4,3,0.9167476011280792,96.56149226451774,0.02475551863737348,0.012591170144532624,direct
4,10,0.9047065326497928,11.601382995655154,0.022646965393180476,0.016622293021762585,randomized
4,3,1.10980028138813,3.6908468501513134,0.03721479323757343,0.005980686037188174,tomography
4,5,0.7727778123543828,3.575207853447732,0.019498592603978543,0.0030402189784348803,tomography
4,5,0.9613408153697485,141.3286146641773,0.03757495149337486,0.019223871878908498,tomography
5,5,0.8568415749876501,35.35423672578998,0.04370536143996713,0.014972198531759646,randomized
5,5,0.8822310734635909,26.33183749008319,0.03695202900083999,0.020892563448992114,tomography
5,7,1.0334162111695038,83.26830208309165,0.03283751023661501,0.008132985555151255,direct
5,10,0.9109402907547548,90.34139994404849,0.020121266590992507,0.01759951069764376,randomized
5,3,0.9145955294859559,20.187656203144382,0.021531490338746354,0.024344089202719264,randomized
5,3,,59.14613885831744,0.04249618905296666,0.01709852804178633,randomized
5,5,0.8062056724548538,73.7284866529631,0.03779349003905332,0.016382907527955244,randomized
5,5,0.7492948399193192,53.15994361736103,0.02960980480622456,0.015042780404121749,randomized
5,2,0.7246228967174759,8.219862551402466,0.025820904542341094,0.007145592714370438,direct
5,10,0.6140372092748798,104.32656413709739,0.00974192126888623,0.02177786467855174,randomized
5,7,1.0967448555928385,,0.01929147581315561,0.01194571180097467,tomography
5,3,0.717614996113398,16.597195097022187,0.049114190871397234,0.017522416281915084,randomized
5,2,0.8234495651697074,27.689108059388406,0.017195444289975333,0.0071848284671437316,randomized
5,2,0.8167824040133295,1.9147537851351137,0.031894798212210806,0.009102701677461097,randomized
5,3,0.8868888037370921,6.8406557923332,0.04007443973195198,0.022175436996111176,randomized
5,7,,72.52495367560702,0.017450773319977075,0.013263488555210784,randomized
5,2,,0.0005817411525216162,0.031847104747810835,0.022266377380212723,direct
5,2,0.7800307073717274,,0.03937915537510655,0.01460884670470741,direct
5,10,0.8299453943456306,36.96062204669365,0.030124993219072502,0.005790511135210712,randomized
5,7,0.8839095940585959,2.8091784578248458,0.05868403055666768,0.0194603379986586,direct
5,2,,180.74087681393877,0.013314007411218047,0.01205053841122196,tomography
5,7,1.042881469122399,12.81726725915564,0.04058728529883879,0.018493444067585216,randomized
5,3,0.9089169941965901,18.134558806708508,,0.01512605433770041,tomography
5,5,0.9381853343259781,18.11615123619793,0.03771920154836675,0.007284408860285648,tomography
5,2,,13.095301511269733,0.03441307151699246,0.015821473826852846,randomized
5,10,0.990816862898239,0.0737454615192529,0.022668438028900034,0.025981115710763995,tomography
5,3,0.8717225870444448,65.34547855373437,0.0322899639245934,0.017464932292572295,tomography
5,7,0.6943801662452984,170.32884094513744,0.011420985486017126,0.014712411234972684,tomography
5,3,0.897962554210317,12.69905152221055,0.03603247500571394,0.020376717009784488,randomized
5,2,,54.39061967302936,0.03298158465990526,0.016053342326015553,randomized
5,7,0.7865659981900291,67.71969706403121,0.03638660168643102,0.01604767115131397,tomography
5,5,1.3161391526913444,94.33386140185173,0.2956991768870441,0.009541874139204487,randomized
5,3,0.9985939685720363,27.463528969361278,0.03367619840209711,0.016169240128947993,randomized
5,2,,18.04353710296746,,0.020177217082084725,tomography
5,10,0.8870599615118756,19.67399596573177,0.021189316633387075,0.010819689239499875,randomized
5,7,1.0542657933562285,62.347726799621164,,0.02212247910623474,direct
5,3,0.8788903815386282,84.85323753150264,0.041867346201773306,0.01454146987927437,randomized
5,3,1.1622019737016474,10.021056582081991,0.04436335405705978,0.010561152442307296,direct
5,5,,23.17651199833902,0.02761889563687946,0.01998816038460122,tomography
5,5,0.6387084689013018,116.10888745885164,0.03046002747253274,0.013566028821308654,randomized
5,10,0.9404009945325439,82.17391843646854,0.02095385625006234,0.018797574437430537,tomography
5,10,0.8957390061859333,209.5154769341188,0.041727568452674446,0.013541206838707314,tomography
5,2,1.0047703304899294,70.17167191600204,0.036654168236917785,0.014700869282350482,tomography
5,2,0.9307817621523949,24.97740614418322,0.04941217436463749,0.017467801021671458,tomography
5,10,0.8333852819219472,44.6577511649979,0.02121676922820261,0.01645448528795003,tomography
5,10,0.7030842116452761,54.08986102064621,0.026219921009817827,0.005022341097741307,randomized
5,7,0.824917209125677,4.085227772741556,0.03231445922525572,0.00939378129952804,direct
5,5,0.747937545494884,39.31764431762053,0.0364648953772577,0.01964704992395408,randomized
5,2,0.7803371860234333,61.776756167841384,0.027843323624523676,0.014339317055492263,randomized
5,5,1.2328884583210318,9.155371515647234,0.22933896755829783,0.012381343486142891,randomized
5,5,1.0503885405221687,75.85016529870559,0.03881407528923571,0.008207129923712628,randomized
5,10,0.8973605835787577,43.82619835734714,0.037211353625455815,0.009601318393620757,direct
5,7,0.7064940325557778,152.0592755555257,0.02083725899436275,0.004891006800190262,randomized
5,3,0.9033523201864169,2.167420526105625,0.043554428011054955,0.014493596406492336,tomography
5,7,0.9935957783974781,15.4164301404719,0.041701987091966035,0.012007812097094764,randomized
5,7,0.7768260514816742,46.00914975811219,0.031342964972477926,0.010167060545073424,randomized
5,5,0.8339179399992499,17.58862845523176,0.030795978623760364,0.014659382874160234,direct
5,7,0.8517625833675037,,0.03554057771115907,0.01681985315426369,direct
5,2,0.7558122024301311,71.14901324549238,,0.025465989661049723,tomography
5,5,0.9277936520612631,5.407997301929704,0.03030031479164082,0.007440582902183931,randomized
5,2,0.8354862221670661,36.062362177253796,0.008476164553908195,0.02079690521650261,randomized
5,3,0.9003438932688433,35.55441374949078,0.03876455645502935,0.019865507805075358,randomized
5,5,,23.04472380936284,0.014385067775581404,0.011104536303116497,tomography
5,3,1.4225419425738517,135.09709168835877,0.2485344897134418,0.016016179772930156,direct
5,5,0.9366857629393326,87.86973400640409,0.026698799060335496,0.012711833753311924,tomography
5,10,0.8052600217489879,59.73568708741899,0.02788333018068823,0.015928442902093692,randomized
5,7,1.0572356621480086,62.64531019127748,0.02372266093915494,0.022545655067022753,direct
5,10,0.8020436577262477,30.968462211463795,0.027119611260779233,0.018028031163156565,direct
5,3,0.8769621670902263,,0.044185313451480364,0.01754304186616721,tomography
5,7,,59.30589566671045,0.005121913434649204,0.012848453400226787,direct
5,5,0.6797961120480361,65.27832886776416,0.04276965386088188,0.007579716675378323,direct
5,7,,98.91321354357859,0.03338023481101708,0.01395765894729796,randomized
5,2,0.6669212422515887,16.015193846438724,0.017929783521427843,0.021033040774319577,randomized
5,7,1.0015100924112619,,0.01924687606950762,0.0073641607170517615,direct
5,2,0.7837770224929064,10.860596594951662,0.04676393027208203,0.009724553159116524,direct
5,7,1.1569839142801903,21.182112208300723,0.020544931200572686,0.01563133868117034,tomography
5,2,0.7822902881611133,20.444331813511393,0.018466494894040404,0.010076726075763686,tomography
5,3,0.8721461563836445,192.0443811126308,0.0413731454236473,0.011037382764423936,direct
5,10,1.0350531943081451,97.08398381862212,0.03338552876285914,0.012882007091359114,randomized
5,5,,60.3939982992444,0.020620744234636012,0.008171912979049253,direct
5,7,1.0973804291963678,64.92457117101071,0.03216624975404619,0.010129390768918159,direct
5,10,0.9950039476711771,41.28512898420655,0.019742473163597226,0.018517139583936543,randomized
5,5,0.9728875030973755,146.95877652546008,0.04100821398422605,0.00846315108884518,randomized
5,5,0.921103233904142,34.28462706605279,0.04061370964873134,0.007010639327525811,tomography
5,2,0.9434033291399965,23.943558284108544,0.03532006198821943,0.011849875102330527,tomography
5,3,0.783857714040576,8.898671397007586,0.03361661061247016,0.018659777512549228,tomography
5,3,0.7518161339893231,77.13703589415599,0.047611881248673736,0.01401539096001555,tomography
5,10,0.8495950651106857,,,0.012677094609421907,randomized
5,3,,24.254242142454213,0.018181258745791986,0.015221793987578034,direct
5,7,0.7956126340807269,1.2758100477195538,0.03449473912832307,0.006271462835701739,tomography
5,3,0.9335664936948058,91.31671580553208,0.05086047049537114,0.017473528268875164,tomography
5,10,0.9646366250284613,0.5741834552131777,0.01985240506814148,0.01691717515701822,randomized
5,3,0.8606088263550217,60.8191040330119,,0.012953457629521393,randomized
5,7,,175.75825789699059,0.034164460381014526,0.020029622558982083,direct
5,2,0.7129973063039794,28.782549581847945,0.029460951509942608,0.009362519505234805,direct
5,10,0.8267608648864339,13.392234052435345,0.02017696419622685,0.020639544966267846,randomized
5,2,0.7639813215276634,61.01713820598991,0.04121857856230471,0.015772468327976255,tomography
5,2,0.6260156059512328,84.94848005046627,0.053200407220172594,0.013317237050609132,tomography
5,2,0.8400783176988761,39.530318159445024,0.03196131459023907,0.014900631823158442,tomography
5,5,0.835390298994006,170.61586182015415,0.020959317102639992,0.014463676170945291,direct
5,5,1.0316139691890558,2.652569402128082,0.014510394749465248,0.021101414482088587,tomography
5,2,0.9256974021465733,35.13923344642868,0.032579759812211805,0.00961660436264493,tomography
5,10,0.7270975810804954,63.3729623674889,0.041038773433162576,0.011187403804267007,randomized
5,7,1.0724911079601025,99.25767462153395,0.03475167746495381,0.0201815144603624,tomography
5,7,0.9965240434630424,9.877178007997745,0.02997596159081146,0.012022325324080704,randomized
5,3,,80.47276607020213,0.024107283482106938,0.019502665386657958,tomography
5,10,0.8228219081380201,40.22707936999149,0.0190783636728191,0.023497179915043548,direct
5,5,0.7348672915931824,25.254909675138965,0.03834751326324882,0.012991024865291832,tomography
5,2,0.8053351868714737,7.061765505724636,0.03913771621385585,0.018406811632876528,tomography
5,3,0.9806498343645023,,0.014542702133092666,0.009231538593300706,randomized
5,7,1.076150356712153,,0.04589838978180684,0.018773666490339045,randomized
5,5,1.0351892233926627,18.537813911121624,0.03574071220894001,0.015997119929933835,randomized
5,5,0.7913380693856471,17.127722026386042,0.043995946451457935,0.017365191410801076,tomography
5,2,0.7156459080053187,102.5578801850155,0.016578722515148848,0.011772139639823024,tomography
5,7,0.8669063496293444,55.84436228630647,0.01634175844584561,0.006694582922164137,direct
5,10,1.400071616005263,79.64905291553204,0.295061177474289,0.017516260323747524,tomography
5,5,0.8887801257021738,14.415306609661313,,0.004682984237602727,direct
5,2,0.8322876896441598,49.02467874882831,0.047963608229269636,0.013413247538787325,randomized
5,10,0.7940756197758109,42.4019381061268,0.037060789138151314,0.019705909332099848,randomized
5,7,0.6586356319279846,89.43731370964588,0.027573187231879667,0.01595948867936518,randomized
5,5,0.9116320127883659,118.26935506050371,0.01973630792334108,0.024741713223949063,direct
5,10,0.7860758992405706,0.6115634704485624,0.0423000057271915,0.020125545762908866,tomography
5,10,0.7096099797147655,56.0459500444768,0.02035294574249285,0.011730508058372117,randomized
5,10,0.5053285344062021,,,0.015136566899257194,tomography
5,5,0.8466982113939236,39.798730368494475,,0.01476314648727782,tomography
5,5,1.0626701916003694,16.9580835284943,0.045905820726178506,0.007089116183269364,randomized
5,3,1.0493511057457443,,0.036789312900592785,0.010298005417578233,direct
5,7,0.7951484492096473,21.767242483955858,0.028630045105575416,0.012196195465100697,tomography
5,2,0.7777345527565863,48.54955025691306,0.024806036281738733,0.004818897485720316,randomized
5,10,0.9062529107290028,20.3270317391417,0.0265909212265392,0.015237467341258214,tomography
5,3,0.730193747297405,65.96900519963843,0.03428316692375238,0.013754640776734797,tomography
5,2,0.8862150279783358,25.91999393869146,0.030771564962177166,0.006635530493442128,tomography
5,3,0.9419296334061628,3.5400753206794393,0.024061885919312947,0.01702106432638666,tomography
5,5,0.9972319868661169,76.56828242916667,0.028343685896823678,0.018579363723454798,tomography
5,10,0.8379815108224057,,0.030785770297191498,0.016135172394324444,direct
5,2,0.8255591499787641,28.349245633047143,0.008712659055851878,0.013379659123955149,direct
5,2,0.7446420895892126,57.82963935159129,0.03458168114788698,0.017957210758759275,randomized
5,2,0.7507743575152168,20.207510434524888,0.020202787752831932,0.018401101802383454,direct
5,2,0.8228225329718167,2.9124851911949046,0.018466675967942547,0.016537017848598443,direct
5,2,0.8940838608179413,23.413939642607367,0.013126556528892896,0.010876938747826194,direct
5,3,1.401814083450131,144.52231245840161,0.2976079686221467,0.016383003827555902,tomography
5,10,0.7536185259183587,51.32403303355561,0.016445524968877107,0.020977403254127395,tomography
5,5,1.0291226282751427,55.65774843475207,0.022909790423695096,0.012016854706941348,randomized
5,5,0.8174651678748918,50.02196783680692,0.04953259137526568,0.025489696695662156,randomized
5,5,0.8474359246781876,11.09422589643863,0.02474120324104796,0.012371845330073078,randomized
5,5,0.7603345985022611,,0.03177750106268031,0.01516203506670068,tomography
5,3,0.559091168767247,69.50303190493369,0.03400481386506329,0.01163757201996832,direct
5,7,,5.344356102718182,0.031310651862158485,0.016116354179601305,direct
5,10,0.938421267651092,16.27631248216475,0.02922556539274006,0.006288891536823623,tomography
5,2,0.8162406931458144,16.1702370654051,0.018047062364007552,0.012269791005916393,randomized
5,7,0.8580388860669846,28.283359202299046,0.04450927548279212,0.009539393998257163,randomized
5,5,0.9119127061244919,196.53160666398279,0.04807196643637885,0.015676691739461453,randomized
5,7,0.6624944971736149,3.4944429248061493,0.013173413058773141,0.019972236877544538,tomography
5,10,0.7865136787184446,36.563328435297365,0.019759714091136204,0.018230030935572756,randomized
5,2,0.9453117615546193,9.883823033775565,0.02720189657622994,0.0031417031957055377,randomized
5,2,0.69948526921969,176.46837926128867,0.020354622050898084,0.0252103482646394,tomography
5,10,0.8852269518599954,6.012626257777125,0.03505965553455865,0.01647639970310434,direct
5,10,,25.842268838986936,,0.011117504297534999,tomography
5,5,0.9059715978920231,66.9485941183854,0.051650560678066025,0.0157856395949547,tomography
5,2,0.845723022124302,60.963532435157795,0.04190548594343596,0.01588094911251346,tomography
5,7,0.6561841820913389,27.472141150995483,0.03212574030632215,0.01166575641524218,tomography
5,3,0.9897687225348606,21.27248644659102,0.040269862633197324,0.015989583336710377,direct
5,3,0.7618490107842341,25.342707571706296,0.04105900424357309,0.011962638561898463,randomized
5,10,,15.345029413501967,0.024360525119417567,0.012978190036549885,tomography
5,5,0.8740683036677132,11.491602143566874,0.02183782755458035,0.011568604321224576,direct
5,3,0.9878364819314458,32.98945959341901,0.030781430629696474,0.007836643551301736,randomized
5,2,0.7281013817225923,15.635210297696755,0.03861636124497944,0.01572918235107692,randomized
5,10,0.8574015819817565,16.94607823168569,0.03139060398653418,0.01792649718258169,randomized
5,7,0.9014579800396687,53.4656949691592,0.014230035178090027,0.01757441798038186,tomography
5,10,0.9331726728715772,172.9476784653158,0.021971755560491576,0.01909962626317617,tomography
5,7,0.871172986633267,46.27126634713336,0.02926027136405622,0.01662170105007434,randomized
5,10,0.8059566593100013,4.005189942997254,0.029243343956741698,0.012336372508915483,randomized
5,10,0.7506891735221536,3.929633724427554,0.04972542176789808,0.019198319322155943,randomized
5,10,0.8603372659655649,151.23048287162152,0.01614012057601002,0.008212412300790324,randomized
5,7,0.7213433185617272,,0.03505589241835874,0.010496643087437599,randomized
5,7,,4.829233816040338,,0.010178999642883775,randomized
5,10,0.9023871764989201,45.6952523879412,0.05271449745422796,0.02040028029569655,direct
5,3,0.9584721809303434,48.86162356502919,0.025956025768160387,0.019713942570700378,randomized
5,5,0.5664481077349793,52.27796404115659,,0.017436526185224975,tomography
5,5,0.7288323154348075,15.557909833478298,0.035697603571986466,0.020359649326058986,tomography
5,5,0.9242985113206237,0.7613006942445557,0.03195481731553291,0.01060358608794006,tomography
5,7,1.0968994563654038,167.64232206039816,0.02901154798760694,0.0167429755993049,randomized
5,7,0.8524952449210489,14.44367547596329,0.034359753895000456,0.014374127858084179,tomography
5,3,0.7626396470525039,,0.004677539147803145,0.01923441051942457,direct
5,5,0.8280524270674191,,0.03682069490062631,0.014423878837239012,randomized
5,5,1.0149851702977821,47.08137790959099,,0.013075285557949594,tomography
5,10,,18.76430992420446,0.027775251032217344,0.017704542592804948,direct
5,7,0.7540969592019695,15.810679551628299,0.05046862195719558,0.019380845835956163,direct
5,5,0.7920707773381561,45.523918161017946,0.023250659812094475,0.011658274025765991,tomography
5,3,0.7356005670089545,100.53147087469951,0.02596924010934969,0.014694621643238119,direct
5,3,,146.62259804712815,0.04991553302204734,0.009707796831791736,tomography
5,5,1.0449614150163473,5.597207257871357,0.02167938695150143,0.0025096949125353023,direct
5,7,0.8887695127739235,,0.02449884717063461,0.016002298157068644,randomized
5,3,0.8197175797448455,144.78191298494596,0.0285297457656915,0.01804452678127316,randomized
5,10,0.8149826477301347,66.69178069043613,0.03840734482129549,0.01631033404543363,randomized
5,3,0.6624171029564011,107.27642831722235,0.032078025073533134,0.005252191411228163,randomized
5,2,0.9559731732576591,11.321988527499602,0.017073746528477374,0.013245752849617626,randomized
5,2,0.8406595363584637,44.286363363235445,0.024678314368728103,0.003908261199744593,tomography
5,7,0.8283424103691249,60.38893427855406,0.023926455667877884,0.021848505538270925,randomized
5,5,1.2331729081413834,56.98919931745888,0.029227789547769542,0.009569727089409568,randomized
